2,2,2,2,2,2,2,2,2,2,2,6,6,6,6,6,6,6,6,11,11,11,11,11,11,11,11,11,1,1,1,1,1,1,1,1,1,1,1,1,1,3,3,3,3,3,3,3,3,8,8,8,8,8,8,8,8,8,12,12,12,12,12,12,12,15,4,4,4,4,4,4,4,4,4,4,4,4,4,7,7,7,7,7,7,7,7,7,9,9,9,9,9,9,9,9,13,0,0,0,0,0,0,0,0,0,0,0,0,5,5,5,5,5,5,5,5,10,10,10,10,10,10,10,10,10,10
2,2,2,2,2,2,2,2,2,2,2,6,6,6,6,6,6,6,6,11,11,11,11,11,11,11,11,11,1,1,1,1,1,1,1,1,1,1,1,1,3,3,3,3,3,3,3,3,3,8,8,8,8,8,8,8,8,12,12,12,12,12,12,12,12,15,15,4,4,4,4,4,4,4,4,4,4,4,4,7,7,7,7,7,7,7,7,9,9,9,9,9,9,9,9,9,13,13,0,0,0,0,0,0,0,0,0,0,0,5,5,5,5,5,5,5,5,10,10,10,10,10,10,10,10,10,10
2,2,2,2,2,2,2,2,2,2,6,6,6,6,6,6,6,6,6,11,11,11,11,11,11,11,11,11,14,1,1,1,1,1,1,1,1,1,1,1,3,3,3,3,3,3,3,3,3,8,8,8,8,8,8,8,8,12,12,12,12,12,12,12,12,15,15,15,4,4,4,4,4,4,4,4,4,4,4,7,7,7,7,7,7,7,7,9,9,9,9,9,9,9,9,9,13,13,13,0,0,0,0,0,0,0,0,0,0,5,5,5,5,5,5,5,5,10,10,10,10,10,10,10,10,10,10
2,2,2,2,2,2,2,2,2,2,6,6,6,6,6,6,6,6,6,11,11,11,11,11,11,11,11,14,14,14,14,1,1,1,1,1,1,1,1,1,3,3,3,3,3,3,3,3,8,8,8,8,8,8,8,8,8,12,12,12,12,12,12,12,12,15,15,15,15,4,4,4,4,4,4,4,4,4,7,7,7,7,7,7,7,7,7,9,9,9,9,9,9,9,9,13,13,13,13,13,0,0,0,0,0,0,0,0,5,5,5,5,5,5,5,5,5,10,10,10,10,10,10,10,10,10,10
2,2,2,2,2,2,2,2,2,2,6,6,6,6,6,6,6,6,11,11,11,11,11,11,11,11,11,14,14,14,14,14,1,1,1,1,1,1,1,1,3,3,3,3,3,3,3,3,8,8,8,8,8,8,8,8,8,12,12,12,12,12,12,12,12,15,15,15,15,15,4,4,4,4,4,4,4,4,7,7,7,7,7,7,7,7,7,9,9,9,9,9,9,9,9,13,13,13,13,13,13,0,0,0,0,0,0,0,5,5,5,5,5,5,5,5,5,10,10,10,10,10,10,10,10,10,10
2,2,2,2,2,2,2,2,2,2,6,6,6,6,6,6,6,6,11,11,11,11,11,11,11,11,11,14,14,14,14,14,14,1,1,1,1,1,1,1,3,3,3,3,3,3,3,3,8,8,8,8,8,8,8,8,12,12,12,12,12,12,12,12,12,15,15,15,15,15,4,4,4,4,4,4,4,4,7,7,7,7,7,7,7,7,7,9,9,9,9,9,9,9,9,13,13,13,13,13,13,13,0,0,0,0,0,0,5,5,5,5,5,5,5,5,10,10,10,10,10,10,10,10,10,10,10
2,2,2,2,2,2,2,2,2,2,6,6,6,6,6,6,6,6,11,11,11,11,11,11,11,11,11,14,14,14,14,14,14,14,1,1,1,1,16,16,3,3,3,3,3,3,3,3,8,8,8,8,8,8,8,8,12,12,12,12,12,12,12,12,12,15,15,15,15,15,15,4,4,4,4,4,4,4,7,7,7,7,7,7,7,7,9,9,9,9,9,9,9,9,9,13,13,13,13,13,13,13,13,0,0,17,17,17,17,5,5,5,5,5,5,5,10,10,10,10,10,10,10,10,10,10,10
2,2,2,2,2,2,2,2,18,18,6,6,6,6,6,6,6,6,11,11,11,11,11,11,11,11,11,14,14,14,14,14,14,14,14,16,16,16,16,16,16,3,3,3,3,3,3,21,8,8,8,8,8,8,8,8,12,12,12,12,12,12,12,12,15,15,15,15,15,15,15,15,4,4,4,19,19,19,19,7,7,7,7,7,7,7,9,9,9,9,9,9,9,9,9,13,13,13,13,13,13,13,13,17,17,17,17,17,17,17,5,5,5,5,5,20,20,10,10,10,10,10,10,10,10,10,10
2,2,2,2,2,18,18,18,18,18,18,6,6,6,6,6,6,6,11,11,11,11,11,11,11,11,14,14,14,14,14,14,14,14,14,16,16,16,16,16,16,16,3,3,21,21,21,21,21,8,8,8,8,8,8,8,12,12,12,12,12,12,12,12,15,15,15,15,15,15,15,15,15,19,19,19,19,19,19,19,7,7,7,7,7,22,22,9,9,9,9,9,9,9,9,13,13,13,13,13,13,13,13,17,17,17,17,17,17,17,17,5,20,20,20,20,20,20,10,10,10,10,10,10,10,25,25
2,2,18,18,18,18,18,18,18,18,18,18,6,6,6,23,23,23,23,11,11,11,11,11,11,11,14,14,14,14,14,14,14,14,16,16,16,16,16,16,16,16,16,21,21,21,21,21,21,21,8,8,8,8,24,24,12,12,12,12,12,12,12,12,15,15,15,15,15,15,15,15,15,19,19,19,19,19,19,19,19,7,22,22,22,22,22,22,9,9,9,9,9,9,13,13,13,13,13,13,13,13,13,17,17,17,17,17,17,17,17,20,20,20,20,20,20,20,10,10,10,10,25,25,25,25,25
32,32,18,18,18,18,18,18,18,18,18,18,18,23,23,23,23,23,23,23,11,11,11,11,11,26,14,14,14,14,14,14,14,14,16,16,16,16,16,16,16,16,16,21,21,21,21,21,21,21,21,24,24,24,24,24,24,12,12,12,12,12,12,12,15,15,15,15,15,15,15,15,15,19,19,19,19,19,19,19,19,22,22,22,22,22,22,22,22,9,9,27,27,27,27,13,13,13,13,13,13,13,13,17,17,17,17,17,17,17,17,20,20,20,20,20,20,20,20,25,25,25,25,25,25,25,25
32,32,32,18,18,18,18,18,18,18,18,18,18,23,23,23,23,23,23,23,23,11,26,26,26,26,26,14,14,14,14,14,14,14,16,16,16,16,16,16,16,16,21,21,21,21,21,21,21,21,21,24,24,24,24,24,24,24,12,12,12,28,28,28,28,15,15,15,15,15,15,15,19,19,19,19,19,19,19,19,19,22,22,22,22,22,22,22,22,27,27,27,27,27,27,27,13,13,13,13,13,29,29,17,17,17,17,17,17,17,17,20,20,20,20,20,20,20,20,25,25,25,25,25,25,25,25
32,32,32,32,18,18,18,18,18,18,18,18,23,23,23,23,23,23,23,23,23,26,26,26,26,26,26,26,14,14,14,14,30,30,30,16,16,16,16,16,16,16,21,21,21,21,21,21,21,21,21,24,24,24,24,24,24,24,24,28,28,28,28,28,28,28,15,15,15,15,15,31,31,19,19,19,19,19,19,19,19,22,22,22,22,22,22,22,22,27,27,27,27,27,27,27,27,13,29,29,29,29,29,29,17,17,17,17,17,17,17,20,20,20,20,20,20,20,20,25,25,25,25,25,25,25,25
32,32,32,32,32,18,18,18,18,18,18,18,23,23,23,23,23,23,23,23,23,26,26,26,26,26,26,26,26,30,30,30,30,30,30,30,16,16,16,16,16,33,21,21,21,21,21,21,21,21,24,24,24,24,24,24,24,24,24,28,28,28,28,28,28,28,28,15,31,31,31,31,31,19,19,19,19,19,19,19,19,22,22,22,22,22,22,22,22,27,27,27,27,27,27,27,27,29,29,29,29,29,29,29,29,17,17,17,17,34,34,20,20,20,20,20,20,20,20,25,25,25,25,25,25,25,25
32,32,32,32,32,32,18,18,18,18,18,18,23,23,23,23,23,23,23,23,26,26,26,26,26,26,26,26,26,30,30,30,30,30,30,30,30,16,33,33,33,33,33,21,21,21,21,21,21,21,24,24,24,24,24,24,24,24,24,28,28,28,28,28,28,28,28,31,31,31,31,31,31,31,19,19,19,19,35,35,35,22,22,22,22,22,22,22,22,27,27,27,27,27,27,27,27,29,29,29,29,29,29,29,29,29,34,34,34,34,34,34,20,20,20,20,20,20,38,25,25,25,25,25,25,25,25
32,32,32,32,32,32,32,18,18,36,36,36,36,23,23,23,23,23,23,23,26,26,26,26,26,26,26,26,26,30,30,30,30,30,30,30,30,33,33,33,33,33,33,33,21,21,21,21,37,37,37,24,24,24,24,24,24,24,24,28,28,28,28,28,28,28,28,31,31,31,31,31,31,31,31,35,35,35,35,35,35,35,22,22,22,22,22,22,40,27,27,27,27,27,27,27,27,29,29,29,29,29,29,29,29,34,34,34,34,34,34,34,34,20,20,38,38,38,38,38,25,25,25,25,25,25,25
32,32,32,32,32,32,32,36,36,36,36,36,36,36,23,23,23,23,23,39,26,26,26,26,26,26,26,26,30,30,30,30,30,30,30,30,30,33,33,33,33,33,33,33,33,37,37,37,37,37,37,37,24,24,24,24,24,24,28,28,28,28,28,28,28,28,28,31,31,31,31,31,31,31,31,35,35,35,35,35,35,35,35,22,22,40,40,40,40,40,27,27,27,27,27,27,27,29,29,29,29,29,29,29,29,34,34,34,34,34,34,34,34,38,38,38,38,38,38,38,38,25,25,25,25,25,25
32,32,32,32,32,32,32,36,36,36,36,36,36,36,36,39,39,39,39,39,39,39,26,26,26,26,26,26,30,30,30,30,30,30,30,30,33,33,33,33,33,33,33,33,33,37,37,37,37,37,37,37,37,24,24,41,41,41,41,28,28,28,28,28,28,28,28,31,31,31,31,31,31,31,31,35,35,35,35,35,35,35,35,40,40,40,40,40,40,40,40,27,27,27,42,42,42,29,29,29,29,29,29,29,29,34,34,34,34,34,34,34,34,38,38,38,38,38,38,38,38,25,25,25,25,25,25
32,32,32,32,32,32,32,36,36,36,36,36,36,36,36,39,39,39,39,39,39,39,39,26,26,43,43,43,43,30,30,30,30,30,30,30,33,33,33,33,33,33,33,33,33,37,37,37,37,37,37,37,37,41,41,41,41,41,41,41,28,28,28,28,28,44,44,31,31,31,31,31,31,31,31,35,35,35,35,35,35,35,35,40,40,40,40,40,40,40,40,40,42,42,42,42,42,42,29,29,29,29,29,29,46,34,34,34,34,34,34,34,34,38,38,38,38,38,38,38,38,38,25,25,25,25,25
32,32,32,32,32,32,36,36,36,36,36,36,36,36,36,39,39,39,39,39,39,39,39,43,43,43,43,43,43,43,30,30,30,30,30,45,45,33,33,33,33,33,33,33,33,37,37,37,37,37,37,37,37,41,41,41,41,41,41,41,41,44,44,44,44,44,44,44,31,31,31,31,31,31,31,35,35,35,35,35,35,35,35,40,40,40,40,40,40,40,40,42,42,42,42,42,42,42,42,29,29,46,46,46,46,46,34,34,34,34,34,34,34,38,38,38,38,38,38,38,38,38,38,25,25,25,25
32,32,32,32,32,32,36,36,36,36,36,36,36,36,36,39,39,39,39,39,39,39,39,43,43,43,43,43,43,43,43,30,45,45,45,45,45,45,33,33,33,33,33,33,37,37,37,37,37,37,37,37,37,41,41,41,41,41,41,41,41,44,44,44,44,44,44,44,44,31,31,31,47,47,47,47,35,35,35,35,35,35,35,40,40,40,40,40,40,40,40,42,42,42,42,42,42,42,42,42,46,46,46,46,46,46,46,34,34,34,34,34,48,38,38,38,38,38,38,38,38,38,38,38,25,25,25
32,32,32,49,49,49,49,36,36,36,36,36,36,36,39,39,39,39,39,39,39,39,39,43,43,43,43,43,43,43,43,45,45,45,45,45,45,45,45,33,33,33,50,50,50,37,37,37,37,37,37,37,37,41,41,41,41,41,41,41,41,44,44,44,44,44,44,44,44,44,47,47,47,47,47,47,47,35,35,35,35,51,51,40,40,40,40,40,40,40,40,42,42,42,42,42,42,42,42,42,46,46,46,46,46,46,46,46,34,48,48,48,48,48,38,38,38,38,38,38,38,38,54,54,54,54,54
49,49,49,49,49,49,49,49,36,36,36,36,52,52,52,39,39,39,39,39,39,39,43,43,43,43,43,43,43,43,43,45,45,45,45,45,45,45,45,50,50,50,50,50,50,50,37,37,37,37,37,37,53,41,41,41,41,41,41,41,41,44,44,44,44,44,44,44,44,47,47,47,47,47,47,47,47,47,51,51,51,51,51,51,40,40,40,40,40,40,40,42,42,42,42,42,42,42,42,46,46,46,46,46,46,46,46,46,48,48,48,48,48,48,48,38,38,38,38,54,54,54,54,54,54,54,54
49,49,49,49,49,49,49,49,49,52,52,52,52,52,52,52,39,39,39,39,39,39,43,43,43,43,43,43,43,43,43,45,45,45,45,45,45,45,45,50,50,50,50,50,50,50,50,37,53,53,53,53,53,53,41,41,41,41,41,41,41,44,44,44,44,44,44,44,44,47,47,47,47,47,47,47,47,47,51,51,51,51,51,51,51,40,40,40,55,55,55,55,42,42,42,42,42,42,42,46,46,46,46,46,46,46,46,46,48,48,48,48,48,48,48,48,54,54,54,54,54,54,54,54,54,54,54
49,49,49,49,49,49,49,49,49,52,52,52,52,52,52,52,52,39,39,39,56,56,56,43,43,43,43,43,43,43,45,45,45,45,45,45,45,45,45,50,50,50,50,50,50,50,50,50,53,53,53,53,53,53,53,41,41,41,57,57,57,44,44,44,44,44,44,44,44,47,47,47,47,47,47,47,47,47,51,51,51,51,51,51,51,51,55,55,55,55,55,55,55,42,42,42,42,42,58,46,46,46,46,46,46,46,46,46,48,48,48,48,48,48,48,48,54,54,54,54,54,54,54,54,54,54,54
49,49,49,49,49,49,49,49,49,52,52,52,52,52,52,52,52,52,56,56,56,56,56,56,43,43,43,43,43,59,59,45,45,45,45,45,45,45,45,50,50,50,50,50,50,50,50,53,53,53,53,53,53,53,53,53,57,57,57,57,57,57,44,44,44,44,44,44,60,47,47,47,47,47,47,47,47,51,51,51,51,51,51,51,51,51,55,55,55,55,55,55,55,55,42,58,58,58,58,58,46,46,46,46,46,46,46,48,48,48,48,48,48,48,48,48,54,54,54,54,54,54,54,54,54,54,54
49,49,49,49,49,49,49,49,49,52,52,52,52,52,52,52,52,56,56,56,56,56,56,56,56,56,59,59,59,59,59,59,45,45,45,45,45,45,62,50,50,50,50,50,50,50,50,53,53,53,53,53,53,53,53,53,57,57,57,57,57,57,57,44,44,44,60,60,60,60,47,47,47,47,47,47,47,51,51,51,51,51,51,51,51,51,55,55,55,55,55,55,55,55,58,58,58,58,58,58,58,46,46,46,46,61,61,61,48,48,48,48,48,48,48,48,54,54,54,54,54,54,54,54,54,54,54
49,49,49,49,49,49,49,49,49,52,52,52,52,52,52,52,52,56,56,56,56,56,56,56,56,56,59,59,59,59,59,59,59,45,45,62,62,62,62,62,50,50,50,50,50,50,50,53,53,53,53,53,53,53,53,57,57,57,57,57,57,57,57,57,60,60,60,60,60,60,60,47,47,47,47,47,63,63,51,51,51,51,51,51,51,51,55,55,55,55,55,55,55,55,58,58,58,58,58,58,58,58,61,61,61,61,61,61,61,48,48,48,48,48,48,48,54,54,54,54,54,54,54,54,54,54,54
49,49,49,49,49,49,64,64,64,52,52,52,52,52,52,52,52,56,56,56,56,56,56,56,56,59,59,59,59,59,59,59,59,59,62,62,62,62,62,62,62,50,50,50,50,50,65,53,53,53,53,53,53,53,53,57,57,57,57,57,57,57,57,57,60,60,60,60,60,60,60,60,47,63,63,63,63,63,63,51,51,51,51,51,51,55,55,55,55,55,55,55,55,55,58,58,58,58,58,58,58,58,61,61,61,61,61,61,61,61,48,48,66,66,66,66,54,54,54,54,54,54,54,54,54,54,68
49,49,49,64,64,64,64,64,64,64,52,52,52,52,52,52,69,56,56,56,56,56,56,56,56,59,59,59,59,59,59,59,59,59,62,62,62,62,62,62,62,62,65,65,65,65,65,65,53,53,53,53,53,53,53,57,57,57,57,57,57,57,57,57,60,60,60,60,60,60,60,60,63,63,63,63,63,63,63,63,51,51,51,67,67,67,55,55,55,55,55,55,55,55,58,58,58,58,58,58,58,58,61,61,61,61,61,61,61,61,66,66,66,66,66,66,66,54,54,54,54,54,54,68,68,68,68
64,64,64,64,64,64,64,64,64,64,64,52,52,69,69,69,69,69,56,56,56,56,56,56,56,59,59,59,59,59,59,59,59,62,62,62,62,62,62,62,62,62,65,65,65,65,65,65,65,53,53,53,70,70,70,70,57,57,57,57,57,57,57,60,60,60,60,60,60,60,60,60,63,63,63,63,63,63,63,63,67,67,67,67,67,67,67,55,55,55,55,55,71,71,58,58,58,58,58,58,58,58,61,61,61,61,61,61,61,61,66,66,66,66,66,66,66,66,54,68,68,68,68,68,68,68,68
64,64,64,64,64,64,64,64,64,64,64,64,69,69,69,69,69,69,69,56,56,56,56,72,72,72,59,59,59,59,59,59,59,62,62,62,62,62,62,62,62,62,65,65,65,65,65,65,65,65,70,70,70,70,70,70,70,57,57,57,57,57,73,73,60,60,60,60,60,60,60,60,63,63,63,63,63,63,63,63,67,67,67,67,67,67,67,67,71,71,71,71,71,71,71,58,58,58,58,58,58,58,61,61,61,61,61,61,61,61,66,66,66,66,66,66,66,66,68,68,68,68,68,68,68,68,68
64,64,64,64,64,64,64,64,64,64,64,64,69,69,69,69,69,69,69,69,72,72,72,72,72,72,72,59,59,59,59,59,59,62,62,62,62,62,62,62,62,65,65,65,65,65,65,65,65,65,70,70,70,70,70,70,70,70,57,73,73,73,73,73,73,60,60,60,60,60,60,60,63,63,63,63,63,63,63,63,67,67,67,67,67,67,67,67,71,71,71,71,71,71,71,71,58,58,58,75,75,75,75,61,61,61,61,61,61,61,66,66,66,66,66,66,66,66,68,68,68,68,68,68,68,68,68
64,64,64,64,64,64,64,64,64,64,64,69,69,69,69,69,69,69,69,69,72,72,72,72,72,72,72,72,59,74,74,74,74,74,62,62,62,62,62,62,62,65,65,65,65,65,65,65,65,65,70,70,70,70,70,70,70,70,73,73,73,73,73,73,73,73,60,60,60,60,76,76,63,63,63,63,63,63,63,63,67,67,67,67,67,67,67,67,71,71,71,71,71,71,71,71,75,75,75,75,75,75,75,75,61,61,61,61,77,77,66,66,66,66,66,66,66,66,68,68,68,68,68,68,68,68,68
64,64,64,64,64,64,64,64,64,64,64,69,69,69,69,69,69,69,69,69,72,72,72,72,72,72,72,72,74,74,74,74,74,74,74,62,62,62,62,78,78,78,65,65,65,65,65,65,65,70,70,70,70,70,70,70,70,70,73,73,73,73,73,73,73,73,60,76,76,76,76,76,76,63,63,63,63,63,63,63,67,67,67,67,67,67,67,67,71,71,71,71,71,71,71,71,75,75,75,75,75,75,75,75,75,77,77,77,77,77,77,66,66,66,66,66,66,66,68,68,68,68,68,68,68,68,68
64,64,64,64,64,64,64,64,64,64,80,69,69,69,69,69,69,69,69,72,72,72,72,72,72,72,72,72,74,74,74,74,74,74,74,74,78,78,78,78,78,78,78,65,65,65,65,65,65,70,70,70,70,70,70,70,70,70,73,73,73,73,73,73,73,73,76,76,76,76,76,76,76,76,63,63,63,79,79,79,79,67,67,67,67,67,67,67,71,71,71,71,71,71,71,71,75,75,75,75,75,75,75,75,75,77,77,77,77,77,77,77,66,66,66,66,82,82,68,68,68,68,68,68,68,68,68
64,64,64,64,64,64,64,80,80,80,80,80,69,69,69,69,69,69,69,72,72,72,72,72,72,72,72,72,74,74,74,74,74,74,74,74,78,78,78,78,78,78,78,78,65,65,81,81,81,81,70,70,70,70,70,70,70,70,73,73,73,73,73,73,73,73,76,76,76,76,76,76,76,76,76,79,79,79,79,79,79,79,67,67,67,67,83,83,71,71,71,71,71,71,71,71,75,75,75,75,75,75,75,75,77,77,77,77,77,77,77,77,77,82,82,82,82,82,82,68,68,68,68,68,68,87,87
93,64,64,64,80,80,80,80,80,80,80,80,80,69,69,69,69,84,84,84,72,72,72,72,72,72,72,74,74,74,74,74,74,74,74,74,78,78,78,78,78,78,78,78,81,81,81,81,81,81,81,70,70,70,70,70,85,85,73,73,73,73,73,73,73,73,76,76,76,76,76,76,76,76,79,79,79,79,79,79,79,79,79,83,83,83,83,83,83,71,71,71,71,71,71,86,75,75,75,75,75,75,75,75,77,77,77,77,77,77,77,77,77,82,82,82,82,82,82,82,68,68,68,87,87,87,87
93,93,93,80,80,80,80,80,80,80,80,80,80,80,84,84,84,84,84,84,84,72,72,72,72,72,88,88,74,74,74,74,74,74,74,74,78,78,78,78,78,78,78,78,81,81,81,81,81,81,81,81,70,85,85,85,85,85,85,73,73,73,73,73,73,73,76,76,76,76,76,76,76,76,79,79,79,79,79,79,79,79,79,83,83,83,83,83,83,83,71,71,86,86,86,86,86,75,75,75,75,75,75,75,77,77,77,77,77,77,77,77,77,82,82,82,82,82,82,82,82,87,87,87,87,87,87
93,93,93,93,80,80,80,80,80,80,80,80,80,80,84,84,84,84,84,84,84,84,72,88,88,88,88,88,88,74,74,74,74,74,74,78,78,78,78,78,78,78,78,78,81,81,81,81,81,81,81,81,81,85,85,85,85,85,85,85,73,73,73,89,89,89,76,76,76,76,76,76,76,76,79,79,79,79,79,79,79,79,83,83,83,83,83,83,83,83,83,86,86,86,86,86,86,86,75,75,75,75,75,90,77,77,77,77,77,77,77,77,82,82,82,82,82,82,82,82,82,87,87,87,87,87,87
93,93,93,93,93,80,80,80,80,80,80,80,80,80,84,84,84,84,84,84,84,84,88,88,88,88,88,88,88,88,74,74,74,91,91,91,78,78,78,78,78,78,78,78,81,81,81,81,81,81,81,81,85,85,85,85,85,85,85,85,85,89,89,89,89,89,89,76,76,76,76,76,76,92,79,79,79,79,79,79,79,79,83,83,83,83,83,83,83,83,83,86,86,86,86,86,86,86,86,75,90,90,90,90,90,77,77,77,77,77,77,77,82,82,82,82,82,82,82,82,82,87,87,87,87,87,87
93,93,93,93,93,93,80,80,80,80,80,80,80,80,84,84,84,84,84,84,84,84,88,88,88,88,88,88,88,88,88,91,91,91,91,91,91,78,78,78,78,78,78,94,81,81,81,81,81,81,81,81,85,85,85,85,85,85,85,85,85,89,89,89,89,89,89,89,76,76,92,92,92,92,92,79,79,79,79,79,79,79,83,83,83,83,83,83,83,83,86,86,86,86,86,86,86,86,86,90,90,90,90,90,90,90,90,77,77,95,95,95,95,82,82,82,82,82,82,82,82,87,87,87,87,87,87
93,93,93,93,93,93,93,80,80,80,80,80,80,80,84,84,84,84,84,84,84,84,88,88,88,88,88,88,88,88,91,91,91,91,91,91,91,91,78,78,94,94,94,94,94,81,81,81,81,81,81,81,85,85,85,85,85,85,85,85,89,89,89,89,89,89,89,89,89,92,92,92,92,92,92,92,79,79,79,79,96,96,96,83,83,83,83,83,83,83,86,86,86,86,86,86,86,86,86,90,90,90,90,90,90,90,90,95,95,95,95,95,95,95,82,82,82,82,82,82,97,87,87,87,87,87,87
93,93,93,93,93,93,93,93,80,80,98,98,98,98,84,84,84,84,84,84,84,84,88,88,88,88,88,88,88,88,91,91,91,91,91,91,91,91,91,94,94,94,94,94,94,94,81,81,81,81,99,99,99,85,85,85,85,85,85,85,89,89,89,89,89,89,89,89,89,92,92,92,92,92,92,92,92,96,96,96,96,96,96,96,83,83,83,83,83,100,100,86,86,86,86,86,86,86,86,90,90,90,90,90,90,90,90,95,95,95,95,95,95,95,95,82,97,97,97,97,97,97,87,87,87,87,87
93,93,93,93,93,93,93,93,98,98,98,98,98,98,98,84,84,84,84,84,101,101,88,88,88,88,88,88,88,88,91,91,91,91,91,91,91,91,94,94,94,94,94,94,94,94,94,99,99,99,99,99,99,85,85,85,85,85,85,85,89,89,89,89,89,89,89,89,92,92,92,92,92,92,92,92,92,96,96,96,96,96,96,96,96,83,100,100,100,100,100,100,86,86,86,86,86,86,90,90,90,90,90,90,90,90,90,95,95,95,95,95,95,95,95,97,97,97,97,97,97,97,97,87,87,87,87
93,93,93,93,93,93,93,93,98,98,98,98,98,98,98,98,84,101,101,101,101,101,101,88,88,88,88,88,88,88,91,91,91,91,91,91,91,91,94,94,94,94,94,94,94,94,94,99,99,99,99,99,99,99,85,85,102,102,102,102,102,89,89,89,89,89,89,89,92,92,92,92,92,92,92,92,92,96,96,96,96,96,96,96,96,100,100,100,100,100,100,100,100,86,86,86,103,103,103,90,90,90,90,90,90,90,90,95,95,95,95,95,95,95,95,97,97,97,97,97,97,97,97,87,87,87,87
93,93,93,93,93,93,93,93,98,98,98,98,98,98,98,98,101,101,101,101,101,101,101,101,88,88,88,104,104,104,104,91,91,91,91,91,91,91,94,94,94,94,94,94,94,94,99,99,99,99,99,99,99,99,99,102,102,102,102,102,102,102,89,89,89,89,89,105,105,92,92,92,92,92,92,92,96,96,96,96,96,96,96,96,96,100,100,100,100,100,100,100,100,103,103,103,103,103,103,103,90,90,90,90,90,90,90,95,95,95,95,95,95,95,95,97,97,97,97,97,97,97,97,97,87,87,87
93,93,93,93,93,93,93,93,98,98,98,98,98,98,98,98,101,101,101,101,101,101,101,101,101,104,104,104,104,104,104,104,91,91,91,91,106,106,94,94,94,94,94,94,94,94,99,99,99,99,99,99,99,99,99,102,102,102,102,102,102,102,102,105,105,105,105,105,105,105,92,92,92,92,92,92,96,96,96,96,96,96,96,96,96,100,100,100,100,100,100,100,100,103,103,103,103,103,103,103,103,90,90,108,108,108,108,95,95,95,95,95,95,95,95,97,97,97,97,97,97,97,97,97,97,87,87
93,93,93,93,93,93,111,111,98,98,98,98,98,98,98,98,101,101,101,101,101,101,101,101,101,104,104,104,104,104,104,104,104,106,106,106,106,106,106,94,94,94,94,94,94,94,99,99,99,99,99,99,99,99,102,102,102,102,102,102,102,102,102,105,105,105,105,105,105,105,105,92,92,107,107,107,107,96,96,96,96,96,96,96,96,100,100,100,100,100,100,100,100,103,103,103,103,103,103,103,103,108,108,108,108,108,108,108,95,95,95,95,95,110,110,97,97,97,97,97,97,97,97,97,97,97,115
93,93,93,111,111,111,111,111,111,98,98,98,98,98,98,98,101,101,101,101,101,101,101,101,104,104,104,104,104,104,104,104,104,106,106,106,106,106,106,106,94,94,94,109,109,109,109,99,99,99,99,99,99,99,102,102,102,102,102,102,102,102,102,105,105,105,105,105,105,105,105,107,107,107,107,107,107,107,96,96,96,96,96,112,112,100,100,100,100,100,100,100,100,103,103,103,103,103,103,103,103,108,108,108,108,108,108,108,108,110,110,110,110,110,110,110,97,97,97,97,97,97,115,115,115,115,115
93,111,111,111,111,111,111,111,111,111,98,98,98,98,113,113,113,101,101,101,101,101,101,101,104,104,104,104,104,104,104,104,104,106,106,106,106,106,106,106,106,109,109,109,109,109,109,109,99,99,99,99,99,114,114,102,102,102,102,102,102,102,105,105,105,105,105,105,105,105,105,107,107,107,107,107,107,107,107,96,112,112,112,112,112,112,100,100,100,100,100,100,100,103,103,103,103,103,103,103,103,108,108,108,108,108,108,108,108,110,110,110,110,110,110,110,110,97,97,115,115,115,115,115,115,115,115
111,111,111,111,111,111,111,111,111,111,111,113,113,113,113,113,113,113,101,101,101,101,101,116,104,104,104,104,104,104,104,104,106,106,106,106,106,106,106,106,106,109,109,109,109,109,109,109,109,99,114,114,114,114,114,114,102,102,102,102,102,102,105,105,105,105,105,105,105,105,105,107,107,107,107,107,107,107,107,112,112,112,112,112,112,112,112,100,100,100,118,118,118,103,103,103,103,103,103,103,103,108,108,108,108,108,108,108,108,110,110,110,110,110,110,110,110,115,115,115,115,115,115,115,115,115,115
111,111,111,111,111,111,111,111,111,111,111,113,113,113,113,113,113,113,113,101,116,116,116,116,116,104,104,104,104,104,104,104,106,106,106,106,106,106,106,106,106,109,109,109,109,109,109,109,109,114,114,114,114,114,114,114,114,102,102,102,117,117,117,105,105,105,105,105,105,105,107,107,107,107,107,107,107,107,107,112,112,112,112,112,112,112,112,112,118,118,118,118,118,118,103,103,103,103,103,103,119,108,108,108,108,108,108,108,108,110,110,110,110,110,110,110,110,115,115,115,115,115,115,115,115,115,115
111,111,111,111,111,111,111,111,111,111,111,113,113,113,113,113,113,113,113,116,116,116,116,116,116,116,104,104,104,104,120,120,120,106,106,106,106,106,106,106,109,109,109,109,109,109,109,109,109,114,114,114,114,114,114,114,114,117,117,117,117,117,117,117,105,105,105,105,105,121,121,107,107,107,107,107,107,107,107,112,112,112,112,112,112,112,112,118,118,118,118,118,118,118,118,103,119,119,119,119,119,119,108,108,108,108,108,108,108,110,110,110,110,110,110,110,110,115,115,115,115,115,115,115,115,115,115
111,111,111,111,111,111,111,111,111,111,113,113,113,113,113,113,113,113,113,116,116,116,116,116,116,116,116,120,120,120,120,120,120,120,106,106,106,106,106,106,109,109,109,109,109,109,109,109,109,114,114,114,114,114,114,114,114,117,117,117,117,117,117,117,117,105,105,121,121,121,121,121,107,107,107,107,107,107,107,112,112,112,112,112,112,112,112,118,118,118,118,118,118,118,118,118,119,119,119,119,119,119,119,108,108,108,108,123,123,110,110,110,110,110,110,110,110,115,115,115,115,115,115,115,115,115,115
111,111,111,111,111,111,111,111,111,111,113,113,113,113,113,113,113,113,113,116,116,116,116,116,116,116,116,120,120,120,120,120,120,120,120,106,106,122,122,122,122,122,109,109,109,109,109,109,109,114,114,114,114,114,114,114,114,117,117,117,117,117,117,117,117,121,121,121,121,121,121,121,121,107,107,107,107,124,124,112,112,112,112,112,112,112,112,118,118,118,118,118,118,118,118,119,119,119,119,119,119,119,119,119,123,123,123,123,123,123,110,110,110,110,110,110,128,115,115,115,115,115,115,115,115,115,115
111,111,111,111,111,111,111,125,125,125,125,113,113,113,113,113,113,113,116,116,116,116,116,116,116,116,116,120,120,120,120,120,120,120,120,122,122,122,122,122,122,122,122,109,109,109,109,126,126,114,114,114,114,114,114,114,114,117,117,117,117,117,117,117,117,121,121,121,121,121,121,121,121,121,124,124,124,124,124,124,112,112,112,112,112,112,127,118,118,118,118,118,118,118,118,119,119,119,119,119,119,119,119,119,123,123,123,123,123,123,123,110,110,128,128,128,128,128,115,115,115,115,115,115,115,131,131
111,111,111,111,125,125,125,125,125,125,125,125,113,113,113,113,113,129,129,116,116,116,116,116,116,116,116,120,120,120,120,120,120,120,120,122,122,122,122,122,122,122,122,122,126,126,126,126,126,126,114,114,114,114,114,114,114,117,117,117,117,117,117,117,117,121,121,121,121,121,121,121,121,121,124,124,124,124,124,124,124,112,112,127,127,127,127,127,118,118,118,118,118,118,118,119,119,119,119,119,119,119,119,123,123,123,123,123,123,123,123,123,128,128,128,128,128,128,128,115,115,115,115,131,131,131,131
139,139,125,125,125,125,125,125,125,125,125,125,125,113,129,129,129,129,129,129,116,116,116,116,116,116,120,120,120,120,120,120,120,120,120,122,122,122,122,122,122,122,122,122,126,126,126,126,126,126,126,114,114,114,130,130,130,130,117,117,117,117,117,117,117,121,121,121,121,121,121,121,121,124,124,124,124,124,124,124,124,124,127,127,127,127,127,127,127,118,118,118,118,132,132,119,119,119,119,119,119,119,119,123,123,123,123,123,123,123,123,123,128,128,128,128,128,128,128,128,131,131,131,131,131,131,131
139,139,139,125,125,125,125,125,125,125,125,125,125,129,129,129,129,129,129,129,129,116,116,133,133,133,133,120,120,120,120,120,120,120,120,122,122,122,122,122,122,122,122,126,126,126,126,126,126,126,126,126,130,130,130,130,130,130,130,117,117,117,117,117,134,121,121,121,121,121,121,121,121,124,124,124,124,124,124,124,124,124,127,127,127,127,127,127,127,127,132,132,132,132,132,132,119,119,119,119,119,119,119,123,123,123,123,123,123,123,123,128,128,128,128,128,128,128,128,128,131,131,131,131,131,131,131
139,139,139,139,125,125,125,125,125,125,125,125,125,129,129,129,129,129,129,129,129,133,133,133,133,133,133,133,120,120,120,120,120,120,135,122,122,122,122,122,122,122,122,126,126,126,126,126,126,126,126,126,130,130,130,130,130,130,130,130,134,134,134,134,134,134,121,121,121,121,121,121,121,124,124,124,124,124,124,124,124,127,127,127,127,127,127,127,127,127,132,132,132,132,132,132,132,132,119,119,137,137,137,137,123,123,123,123,123,123,123,128,128,128,128,128,128,128,128,128,131,131,131,131,131,131,131
139,139,139,139,139,125,125,125,125,125,125,125,125,129,129,129,129,129,129,129,129,133,133,133,133,133,133,133,133,120,120,135,135,135,135,135,122,122,122,122,122,122,122,126,126,126,126,126,126,126,126,130,130,130,130,130,130,130,130,130,134,134,134,134,134,134,134,121,121,121,136,136,136,136,124,124,124,124,124,124,124,127,127,127,127,127,127,127,127,127,132,132,132,132,132,132,132,132,137,137,137,137,137,137,137,123,123,123,123,123,138,128,128,128,128,128,128,128,128,128,131,131,131,131,131,131,131
139,139,139,139,139,139,125,125,125,125,125,125,125,129,129,129,129,129,129,129,129,133,133,133,133,133,133,133,133,135,135,135,135,135,135,135,135,122,122,122,122,140,140,140,126,126,126,126,126,126,126,130,130,130,130,130,130,130,130,134,134,134,134,134,134,134,134,134,136,136,136,136,136,136,136,124,124,124,124,124,141,127,127,127,127,127,127,127,127,132,132,132,132,132,132,132,132,132,137,137,137,137,137,137,137,137,123,138,138,138,138,138,128,128,128,128,128,128,128,131,131,131,131,131,131,131,131
139,139,139,139,139,139,139,125,125,125,142,142,142,142,129,129,129,129,129,129,129,133,133,133,133,133,133,133,133,135,135,135,135,135,135,135,135,135,140,140,140,140,140,140,140,126,126,126,126,126,143,130,130,130,130,130,130,130,130,134,134,134,134,134,134,134,134,134,136,136,136,136,136,136,136,136,124,141,141,141,141,141,127,127,127,127,127,127,127,132,132,132,132,132,132,132,132,132,137,137,137,137,137,137,137,137,138,138,138,138,138,138,138,128,128,128,128,145,145,145,131,131,131,131,131,131,131
139,139,139,139,139,139,139,139,142,142,142,142,142,142,142,129,129,129,129,129,146,133,133,133,133,133,133,133,133,135,135,135,135,135,135,135,135,135,140,140,140,140,140,140,140,140,126,143,143,143,143,143,130,130,130,130,130,130,130,134,134,134,134,134,134,134,134,134,136,136,136,136,136,136,136,136,141,141,141,141,141,141,141,127,127,127,144,144,144,144,132,132,132,132,132,132,132,132,137,137,137,137,137,137,137,137,138,138,138,138,138,138,138,138,145,145,145,145,145,145,145,131,131,131,131,131,131
139,139,139,139,139,139,139,142,142,142,142,142,142,142,142,142,129,146,146,146,146,146,133,133,133,133,133,133,133,135,135,135,135,135,135,135,135,140,140,140,140,140,140,140,140,140,143,143,143,143,143,143,143,130,130,130,130,147,147,147,134,134,134,134,134,134,134,136,136,136,136,136,136,136,136,136,141,141,141,141,141,141,141,141,144,144,144,144,144,144,144,132,132,132,132,132,148,148,137,137,137,137,137,137,137,137,138,138,138,138,138,138,138,138,145,145,145,145,145,145,145,145,131,131,131,131,131
139,139,139,139,139,139,139,142,142,142,142,142,142,142,142,142,146,146,146,146,146,146,146,133,133,133,133,149,149,135,135,135,135,135,135,135,135,140,140,140,140,140,140,140,140,140,143,143,143,143,143,143,143,143,147,147,147,147,147,147,147,134,134,134,134,134,134,136,136,136,136,136,136,136,136,141,141,141,141,141,141,141,141,141,144,144,144,144,144,144,144,144,132,148,148,148,148,148,148,137,137,137,137,137,137,137,138,138,138,138,138,138,138,138,145,145,145,145,145,145,145,145,145,131,131,131,131
139,139,139,139,139,139,139,142,142,142,142,142,142,142,142,142,146,146,146,146,146,146,146,146,149,149,149,149,149,149,149,135,135,135,135,135,135,140,140,140,140,140,140,140,140,143,143,143,143,143,143,143,143,143,147,147,147,147,147,147,147,147,134,150,150,150,150,150,136,136,136,136,136,136,136,141,141,141,141,141,141,141,141,141,144,144,144,144,144,144,144,144,148,148,148,148,148,148,148,148,137,137,137,137,152,152,138,138,138,138,138,138,138,138,145,145,145,145,145,145,145,145,145,145,131,131,131
139,139,139,139,139,139,139,142,142,142,142,142,142,142,142,146,146,146,146,146,146,146,146,146,149,149,149,149,149,149,149,149,135,135,151,151,151,151,140,140,140,140,140,140,140,143,143,143,143,143,143,143,143,143,147,147,147,147,147,147,147,147,150,150,150,150,150,150,150,136,136,136,136,153,153,153,141,141,141,141,141,141,141,144,144,144,144,144,144,144,144,144,148,148,148,148,148,148,148,148,148,152,152,152,152,152,152,138,138,138,138,138,138,157,145,145,145,145,145,145,145,145,145,145,145,131,131
139,139,139,139,154,154,154,154,142,142,142,142,142,142,142,146,146,146,146,146,146,146,146,146,149,149,149,149,149,149,149,149,151,151,151,151,151,151,151,140,140,140,140,140,155,155,143,143,143,143,143,143,143,147,147,147,147,147,147,147,147,147,150,150,150,150,150,150,150,150,153,153,153,153,153,153,153,141,141,141,141,141,141,144,144,144,144,144,144,144,144,144,148,148,148,148,148,148,148,148,152,152,152,152,152,152,152,152,138,138,157,157,157,157,157,145,145,145,145,145,145,145,145,161,161,161,161
139,139,154,154,154,154,154,154,154,142,142,142,142,142,158,158,146,146,146,146,146,146,146,149,149,149,149,149,149,149,149,149,151,151,151,151,151,151,151,151,140,155,155,155,155,155,155,143,143,143,143,143,143,147,147,147,147,147,147,147,147,147,150,150,150,150,150,150,150,150,153,153,153,153,153,153,153,153,141,141,156,156,156,156,144,144,144,144,144,144,144,144,148,148,148,148,148,148,148,148,152,152,152,152,152,152,152,152,152,157,157,157,157,157,157,157,145,145,145,145,161,161,161,161,161,161,161
154,154,154,154,154,154,154,154,154,154,142,158,158,158,158,158,158,146,146,146,146,146,146,149,149,149,149,149,149,149,149,149,151,151,151,151,151,151,151,151,155,155,155,155,155,155,155,155,143,143,159,159,159,159,147,147,147,147,147,147,147,147,150,150,150,150,150,150,150,150,153,153,153,153,153,153,153,153,156,156,156,156,156,156,156,144,144,144,144,144,160,160,148,148,148,148,148,148,148,148,152,152,152,152,152,152,152,152,157,157,157,157,157,157,157,157,157,161,161,161,161,161,161,161,161,161,161
154,154,154,154,154,154,154,154,154,154,158,158,158,158,158,158,158,158,146,146,162,162,162,162,149,149,149,149,149,149,149,151,151,151,151,151,151,151,151,151,155,155,155,155,155,155,155,155,159,159,159,159,159,159,159,147,147,147,147,147,163,163,150,150,150,150,150,150,150,150,153,153,153,153,153,153,153,153,156,156,156,156,156,156,156,156,156,160,160,160,160,160,160,148,148,148,148,148,148,148,152,152,152,152,152,152,152,152,157,157,157,157,157,157,157,157,157,161,161,161,161,161,161,161,161,161,161
154,154,154,154,154,154,154,154,154,154,158,158,158,158,158,158,158,158,162,162,162,162,162,162,162,149,149,149,149,149,149,164,151,151,151,151,151,151,151,151,155,155,155,155,155,155,155,155,159,159,159,159,159,159,159,159,147,147,163,163,163,163,163,150,150,150,150,150,150,150,153,153,153,153,153,153,153,153,156,156,156,156,156,156,156,156,156,160,160,160,160,160,160,160,148,148,148,165,165,165,165,152,152,152,152,152,152,152,157,157,157,157,157,157,157,157,161,161,161,161,161,161,161,161,161,161,161
154,154,154,154,154,154,154,154,154,154,158,158,158,158,158,158,158,158,162,162,162,162,162,162,162,162,149,164,164,164,164,164,164,151,151,151,151,151,151,155,155,155,155,155,155,155,155,155,159,159,159,159,159,159,159,159,159,163,163,163,163,163,163,163,150,150,150,166,166,166,153,153,153,153,153,153,153,153,156,156,156,156,156,156,156,156,160,160,160,160,160,160,160,160,160,165,165,165,165,165,165,165,152,152,152,152,152,167,157,157,157,157,157,157,157,157,161,161,161,161,161,161,161,161,161,161,161
154,154,154,154,154,154,154,154,154,154,158,158,158,158,158,158,158,158,162,162,162,162,162,162,162,162,164,164,164,164,164,164,164,164,151,151,151,168,168,168,155,155,155,155,155,155,155,155,159,159,159,159,159,159,159,159,163,163,163,163,163,163,163,163,163,166,166,166,166,166,166,153,153,153,153,153,153,169,156,156,156,156,156,156,156,156,160,160,160,160,160,160,160,160,160,165,165,165,165,165,165,165,165,152,167,167,167,167,167,157,157,157,157,157,157,157,161,161,161,161,161,161,161,161,161,161,161
154,154,154,154,154,154,154,154,170,170,158,158,158,158,158,158,158,158,162,162,162,162,162,162,162,162,164,164,164,164,164,164,164,164,168,168,168,168,168,168,168,155,155,155,155,155,155,171,159,159,159,159,159,159,159,159,163,163,163,163,163,163,163,163,163,166,166,166,166,166,166,166,153,153,169,169,169,169,169,156,156,156,156,156,156,156,160,160,160,160,160,160,160,160,165,165,165,165,165,165,165,165,165,167,167,167,167,167,167,167,157,157,157,172,172,172,172,161,161,161,161,161,161,161,161,161,177
154,154,154,154,154,170,170,170,170,170,170,158,158,158,158,158,158,158,162,162,162,162,162,162,162,162,164,164,164,164,164,164,164,164,168,168,168,168,168,168,168,168,155,155,171,171,171,171,171,159,159,159,159,159,159,159,163,163,163,163,163,163,163,163,166,166,166,166,166,166,166,166,166,169,169,169,169,169,169,169,156,156,156,156,173,173,173,160,160,160,160,160,160,160,165,165,165,165,165,165,165,165,165,167,167,167,167,167,167,167,167,172,172,172,172,172,172,172,161,161,161,161,161,161,177,177,177
154,170,170,170,170,170,170,170,170,170,170,170,158,158,174,174,174,174,174,162,162,162,162,162,162,162,164,164,164,164,164,164,164,164,168,168,168,168,168,168,168,168,171,171,171,171,171,171,171,171,159,159,159,159,175,175,163,163,163,163,163,163,163,163,166,166,166,166,166,166,166,166,166,169,169,169,169,169,169,169,169,173,173,173,173,173,173,173,160,160,160,160,160,160,165,165,165,165,165,165,165,165,167,167,167,167,167,167,167,167,167,172,172,172,172,172,172,172,172,161,161,177,177,177,177,177,177
170,170,170,170,170,170,170,170,170,170,170,170,174,174,174,174,174,174,174,174,162,162,162,162,178,178,164,164,164,164,164,164,164,164,168,168,168,168,168,168,168,168,171,171,171,171,171,171,171,171,171,175,175,175,175,175,175,163,163,163,163,163,163,163,166,166,166,166,166,166,166,166,169,169,169,169,169,169,169,169,169,173,173,173,173,173,173,173,173,160,160,176,176,176,176,165,165,165,165,165,165,165,167,167,167,167,167,167,167,167,167,172,172,172,172,172,172,172,172,177,177,177,177,177,177,177,177
170,170,170,170,170,170,170,170,170,170,170,170,174,174,174,174,174,174,174,174,178,178,178,178,178,178,178,164,164,164,164,164,164,164,168,168,168,168,168,168,168,168,171,171,171,171,171,171,171,171,171,175,175,175,175,175,175,175,163,163,179,179,179,179,179,166,166,166,166,166,166,166,169,169,169,169,169,169,169,169,169,173,173,173,173,173,173,173,173,176,176,176,176,176,176,176,165,165,165,165,180,180,180,167,167,167,167,167,167,167,167,172,172,172,172,172,172,172,172,177,177,177,177,177,177,177,177
170,170,170,170,170,170,170,170,170,170,170,170,174,174,174,174,174,174,174,174,178,178,178,178,178,178,178,178,164,164,164,181,181,181,168,168,168,168,168,168,168,168,171,171,171,171,171,171,171,171,175,175,175,175,175,175,175,175,175,179,179,179,179,179,179,179,166,166,166,166,166,182,182,169,169,169,169,169,169,169,173,173,173,173,173,173,173,173,173,176,176,176,176,176,176,176,176,180,180,180,180,180,180,180,167,167,167,167,167,167,183,172,172,172,172,172,172,172,172,177,177,177,177,177,177,177,177
170,170,170,170,170,170,170,170,170,170,170,170,174,174,174,174,174,174,174,174,178,178,178,178,178,178,178,178,178,181,181,181,181,181,181,168,168,168,168,168,168,184,171,171,171,171,171,171,171,171,175,175,175,175,175,175,175,175,175,179,179,179,179,179,179,179,179,182,182,182,182,182,182,182,169,169,169,169,169,169,173,173,173,173,173,173,173,173,173,176,176,176,176,176,176,176,176,180,180,180,180,180,180,180,180,167,167,183,183,183,183,183,172,172,172,172,172,172,172,177,177,177,177,177,177,177,177
170,170,170,170,170,170,170,170,170,170,170,186,174,174,174,174,174,174,174,174,178,178,178,178,178,178,178,178,181,181,181,181,181,181,181,181,168,168,184,184,184,184,184,171,171,171,171,171,171,171,175,175,175,175,175,175,175,175,179,179,179,179,179,179,179,179,179,182,182,182,182,182,182,182,169,169,169,185,185,185,185,173,173,173,173,173,173,173,176,176,176,176,176,176,176,176,176,180,180,180,180,180,180,180,180,183,183,183,183,183,183,183,183,172,172,172,172,188,188,177,177,177,177,177,177,177,177
170,170,170,170,170,170,170,186,186,186,186,186,186,174,174,174,174,174,174,174,178,178,178,178,178,178,178,178,181,181,181,181,181,181,181,181,181,184,184,184,184,184,184,184,171,171,171,187,187,187,187,175,175,175,175,175,175,175,179,179,179,179,179,179,179,179,179,182,182,182,182,182,182,182,182,185,185,185,185,185,185,185,173,173,173,173,173,189,189,176,176,176,176,176,176,176,176,180,180,180,180,180,180,180,180,183,183,183,183,183,183,183,183,188,188,188,188,188,188,188,177,177,177,177,177,177,177
199,170,170,170,186,186,186,186,186,186,186,186,186,186,174,174,174,174,190,190,178,178,178,178,178,178,178,178,181,181,181,181,181,181,181,181,181,184,184,184,184,184,184,184,184,187,187,187,187,187,187,187,175,175,175,175,175,191,191,179,179,179,179,179,179,179,182,182,182,182,182,182,182,182,182,185,185,185,185,185,185,185,185,173,189,189,189,189,189,189,176,176,176,176,176,176,180,180,180,180,180,180,180,180,180,183,183,183,183,183,183,183,183,188,188,188,188,188,188,188,188,177,177,177,192,192,192
199,199,199,186,186,186,186,186,186,186,186,186,186,186,186,190,190,190,190,190,190,190,178,178,178,178,178,194,181,181,181,181,181,181,181,181,184,184,184,184,184,184,184,184,184,187,187,187,187,187,187,187,187,175,191,191,191,191,191,191,179,179,179,179,179,179,182,182,182,182,182,182,182,182,182,185,185,185,185,185,185,185,185,189,189,189,189,189,189,189,189,176,176,176,193,193,193,180,180,180,180,180,180,180,180,183,183,183,183,183,183,183,183,188,188,188,188,188,188,188,188,192,192,192,192,192,192
199,199,199,199,186,186,186,186,186,186,186,186,186,186,186,190,190,190,190,190,190,190,190,178,194,194,194,194,194,181,181,181,181,181,181,181,184,184,184,184,184,184,184,184,184,187,187,187,187,187,187,187,187,191,191,191,191,191,191,191,191,179,179,179,195,195,195,182,182,182,182,182,182,182,185,185,185,185,185,185,185,185,185,189,189,189,189,189,189,189,189,189,193,193,193,193,193,193,180,180,180,180,180,180,196,183,183,183,183,183,183,183,183,188,188,188,188,188,188,188,188,192,192,192,192,192,192
199,199,199,199,199,186,186,186,186,186,186,186,186,186,190,190,190,190,190,190,190,190,190,194,194,194,194,194,194,194,181,181,181,181,181,197,197,184,184,184,184,184,184,184,187,187,187,187,187,187,187,187,187,191,191,191,191,191,191,191,191,195,195,195,195,195,195,195,182,182,182,182,182,182,198,185,185,185,185,185,185,185,185,189,189,189,189,189,189,189,189,193,193,193,193,193,193,193,193,180,180,196,196,196,196,196,183,183,183,183,183,183,183,188,188,188,188,188,188,188,188,192,192,192,192,192,192
199,199,199,199,199,199,199,186,186,186,186,186,186,186,190,190,190,190,190,190,190,190,190,194,194,194,194,194,194,194,194,181,197,197,197,197,197,197,184,184,184,184,184,184,187,187,187,187,187,187,187,187,187,191,191,191,191,191,191,191,191,195,195,195,195,195,195,195,195,182,182,198,198,198,198,198,185,185,185,185,185,185,185,189,189,189,189,189,189,189,189,193,193,193,193,193,193,193,193,193,196,196,196,196,196,196,196,183,183,183,201,201,201,201,188,188,188,188,188,188,188,192,192,192,192,192,192
199,199,199,199,199,199,199,199,186,186,186,186,186,186,190,190,190,190,190,190,190,190,190,194,194,194,194,194,194,194,194,197,197,197,197,197,197,197,197,184,184,200,200,200,200,187,187,187,187,187,187,187,191,191,191,191,191,191,191,191,191,195,195,195,195,195,195,195,195,198,198,198,198,198,198,198,198,185,185,185,185,202,202,189,189,189,189,189,189,189,189,193,193,193,193,193,193,193,193,196,196,196,196,196,196,196,196,196,201,201,201,201,201,201,201,188,188,188,188,188,205,192,192,192,192,192,192
199,199,199,199,199,199,199,199,199,186,186,203,203,203,203,190,190,190,190,190,190,190,194,194,194,194,194,194,194,194,194,197,197,197,197,197,197,197,197,200,200,200,200,200,200,200,187,187,187,187,204,204,204,191,191,191,191,191,191,191,191,195,195,195,195,195,195,195,195,198,198,198,198,198,198,198,198,198,202,202,202,202,202,202,189,189,189,189,189,189,189,193,193,193,193,193,193,193,193,196,196,196,196,196,196,196,196,196,201,201,201,201,201,201,201,201,188,205,205,205,205,205,192,192,192,192,192
199,199,199,199,199,199,199,199,199,203,203,203,203,203,203,203,190,190,190,190,190,190,194,194,194,194,194,194,194,194,194,197,197,197,197,197,197,197,197,200,200,200,200,200,200,200,200,204,204,204,204,204,204,204,191,191,191,191,191,191,208,195,195,195,195,195,195,195,195,198,198,198,198,198,198,198,198,198,202,202,202,202,202,202,202,189,189,189,206,206,206,206,193,193,193,193,193,193,193,196,196,196,196,196,196,196,196,201,201,201,201,201,201,201,201,201,205,205,205,205,205,205,205,192,192,192,192
199,199,199,199,199,199,199,199,199,203,203,203,203,203,203,203,203,190,190,207,207,207,207,194,194,194,194,194,194,194,194,197,197,197,197,197,197,197,197,200,200,200,200,200,200,200,200,204,204,204,204,204,204,204,204,191,191,208,208,208,208,195,195,195,195,195,195,195,195,198,198,198,198,198,198,198,198,202,202,202,202,202,202,202,202,202,206,206,206,206,206,206,206,193,193,193,193,193,209,196,196,196,196,196,196,196,196,201,201,201,201,201,201,201,201,201,205,205,205,205,205,205,205,205,192,192,192
199,199,199,199,199,199,199,199,199,203,203,203,203,203,203,203,203,207,207,207,207,207,207,207,194,194,194,194,210,210,210,197,197,197,197,197,197,197,197,200,200,200,200,200,200,200,200,204,204,204,204,204,204,204,204,208,208,208,208,208,208,208,195,195,195,195,195,195,211,198,198,198,198,198,198,198,198,202,202,202,202,202,202,202,202,202,206,206,206,206,206,206,206,206,209,209,209,209,209,209,196,196,196,196,196,196,196,201,201,201,201,201,201,201,201,205,205,205,205,205,205,205,205,205,205,192,192
199,199,199,199,199,199,199,199,199,203,203,203,203,203,203,203,203,207,207,207,207,207,207,207,207,210,210,210,210,210,210,210,197,197,197,197,197,197,197,200,200,200,200,200,200,200,200,204,204,204,204,204,204,204,204,208,208,208,208,208,208,208,208,195,195,211,211,211,211,211,198,198,198,198,198,198,198,202,202,202,202,202,202,202,202,206,206,206,206,206,206,206,206,206,209,209,209,209,209,209,209,196,196,196,212,212,212,212,201,201,201,201,201,201,201,205,205,205,205,205,205,205,205,205,205,205,192
199,199,199,199,199,199,199,199,213,203,203,203,203,203,203,203,203,207,207,207,207,207,207,207,207,210,210,210,210,210,210,210,210,197,197,214,214,214,214,214,200,200,200,200,200,200,200,204,204,204,204,204,204,204,204,208,208,208,208,208,208,208,208,208,211,211,211,211,211,211,211,198,198,198,198,215,215,215,202,202,202,202,202,202,202,206,206,206,206,206,206,206,206,206,209,209,209,209,209,209,209,209,212,212,212,212,212,212,212,201,201,201,201,201,216,216,205,205,205,205,205,205,205,205,205,205,205
199,199,199,199,213,213,213,213,213,213,203,203,203,203,203,203,203,207,207,207,207,207,207,207,207,210,210,210,210,210,210,210,210,214,214,214,214,214,214,214,214,200,200,200,217,217,217,204,204,204,204,204,204,204,204,208,208,208,208,208,208,208,208,211,211,211,211,211,211,211,211,211,215,215,215,215,215,215,215,202,202,202,202,202,202,206,206,206,206,206,206,206,206,209,209,209,209,209,209,209,209,209,212,212,212,212,212,212,212,212,201,216,216,216,216,216,216,205,205,205,205,205,205,205,220,220,220
199,213,213,213,213,213,213,213,213,213,213,203,203,203,203,219,219,207,207,207,207,207,207,207,207,210,210,210,210,210,210,210,210,214,214,214,214,214,214,214,214,214,217,217,217,217,217,217,204,204,204,204,204,204,221,208,208,208,208,208,208,208,208,211,211,211,211,211,211,211,211,211,215,215,215,215,215,215,215,215,202,218,218,218,218,218,206,206,206,206,206,206,206,209,209,209,209,209,209,209,209,209,212,212,212,212,212,212,212,212,216,216,216,216,216,216,216,216,205,205,205,220,220,220,220,220,220
213,213,213,213,213,213,213,213,213,213,213,219,219,219,219,219,219,219,207,207,207,207,207,207,207,210,210,210,210,210,210,210,210,214,214,214,214,214,214,214,214,217,217,217,217,217,217,217,217,204,204,221,221,221,221,221,208,208,208,208,208,208,208,211,211,211,211,211,211,211,211,211,215,215,215,215,215,215,215,215,218,218,218,218,218,218,218,206,206,206,206,206,222,222,209,209,209,209,209,209,209,212,212,212,212,212,212,212,212,212,216,216,216,216,216,216,216,216,220,220,220,220,220,220,220,220,220
213,213,213,213,213,213,213,213,213,213,213,219,219,219,219,219,219,219,219,207,207,207,223,223,223,223,210,210,210,210,210,210,210,214,214,214,214,214,214,214,214,217,217,217,217,217,217,217,217,217,221,221,221,221,221,221,221,208,208,208,208,224,224,224,211,211,211,211,211,211,211,215,215,215,215,215,215,215,215,215,218,218,218,218,218,218,218,218,206,222,222,222,222,222,222,209,209,209,209,209,209,212,212,212,212,212,212,212,212,212,216,216,216,216,216,216,216,216,220,220,220,220,220,220,220,220,220
213,213,213,213,213,213,213,213,213,213,213,219,219,219,219,219,219,219,219,219,223,223,223,223,223,223,223,210,210,210,210,210,226,214,214,214,214,214,214,214,214,217,217,217,217,217,217,217,217,217,221,221,221,221,221,221,221,221,208,224,224,224,224,224,224,211,211,211,211,211,211,215,215,215,215,215,215,215,215,215,218,218,218,218,218,218,218,218,222,222,222,222,222,222,222,222,209,209,225,225,225,225,225,212,212,212,212,212,212,216,216,216,216,216,216,216,216,216,220,220,220,220,220,220,220,220,220
213,213,213,213,213,213,213,213,213,213,213,219,219,219,219,219,219,219,219,223,223,223,223,223,223,223,223,223,210,226,226,226,226,226,214,214,214,214,214,214,214,217,217,217,217,217,217,217,217,221,221,221,221,221,221,221,221,221,224,224,224,224,224,224,224,224,211,211,211,227,227,227,215,215,215,215,215,215,215,218,218,218,218,218,218,218,218,218,222,222,222,222,222,222,222,222,222,225,225,225,225,225,225,225,212,212,212,228,228,228,216,216,216,216,216,216,216,216,220,220,220,220,220,220,220,220,220
213,213,213,213,213,213,213,213,213,213,213,219,219,219,219,219,219,219,219,223,223,223,223,223,223,223,223,223,226,226,226,226,226,226,226,214,214,214,214,229,229,229,217,217,217,217,217,217,217,221,221,221,221,221,221,221,221,221,224,224,224,224,224,224,224,224,227,227,227,227,227,227,227,215,215,215,215,215,215,230,218,218,218,218,218,218,218,218,222,222,222,222,222,222,222,222,225,225,225,225,225,225,225,225,225,228,228,228,228,228,228,216,216,216,216,216,216,216,220,220,220,220,220,220,220,220,220
213,213,213,213,213,213,213,213,231,231,231,231,219,219,219,219,219,219,219,223,223,223,223,223,223,223,223,223,226,226,226,226,226,226,226,226,229,229,229,229,229,229,229,217,217,217,217,217,217,221,221,221,221,221,221,221,221,221,224,224,224,224,224,224,224,224,227,227,227,227,227,227,227,227,215,230,230,230,230,230,230,218,218,218,218,218,218,218,222,222,222,222,222,222,222,222,225,225,225,225,225,225,225,225,225,228,228,228,228,228,228,228,216,216,216,232,232,232,232,220,220,220,220,220,220,220,220
213,213,213,213,213,231,231,231,231,231,231,231,231,219,219,219,219,219,233,223,223,223,223,223,223,223,223,226,226,226,226,226,226,226,226,226,229,229,229,229,229,229,229,229,217,217,234,234,234,234,221,221,221,221,221,221,221,224,224,224,224,224,224,224,224,224,227,227,227,227,227,227,227,227,230,230,230,230,230,230,230,230,218,218,218,235,235,235,222,222,222,222,222,222,222,222,225,225,225,225,225,225,225,225,228,228,228,228,228,228,228,228,228,232,232,232,232,232,232,232,220,220,220,220,238,238,238
242,242,242,231,231,231,231,231,231,231,231,231,231,231,219,233,233,233,233,233,223,223,223,223,223,223,223,226,226,226,226,226,226,226,226,226,229,229,229,229,229,229,229,229,234,234,234,234,234,234,234,221,221,221,221,236,236,236,224,224,224,224,224,224,224,224,227,227,227,227,227,227,227,227,230,230,230,230,230,230,230,230,230,235,235,235,235,235,235,222,222,222,222,222,222,237,225,225,225,225,225,225,225,225,228,228,228,228,228,228,228,228,232,232,232,232,232,232,232,232,232,238,238,238,238,238,238
242,242,242,242,231,231,231,231,231,231,231,231,231,231,233,233,233,233,233,233,233,223,223,223,223,223,239,239,226,226,226,226,226,226,226,226,229,229,229,229,229,229,229,229,234,234,234,234,234,234,234,234,236,236,236,236,236,236,236,224,224,224,224,224,224,224,227,227,227,227,227,227,227,227,230,230,230,230,230,230,230,230,235,235,235,235,235,235,235,235,222,222,237,237,237,237,237,225,225,225,225,225,225,225,228,228,228,228,228,228,228,228,232,232,232,232,232,232,232,232,232,238,238,238,238,238,238
242,242,242,242,242,231,231,231,231,231,231,231,231,231,233,233,233,233,233,233,233,233,223,239,239,239,239,239,239,226,226,226,226,226,226,229,229,229,229,229,229,229,229,229,234,234,234,234,234,234,234,234,236,236,236,236,236,236,236,236,224,224,240,240,240,240,240,227,227,227,227,227,227,227,230,230,230,230,230,230,230,230,235,235,235,235,235,235,235,235,235,237,237,237,237,237,237,237,225,225,225,225,241,241,228,228,228,228,228,228,228,228,232,232,232,232,232,232,232,232,238,238,238,238,238,238,238
242,242,242,242,242,242,231,231,231,231,231,231,231,231,233,233,233,233,233,233,233,233,239,239,239,239,239,239,239,239,226,226,226,243,243,243,229,229,229,229,229,229,229,229,234,234,234,234,234,234,234,234,236,236,236,236,236,236,236,236,240,240,240,240,240,240,240,240,227,227,227,227,244,244,230,230,230,230,230,230,230,230,235,235,235,235,235,235,235,235,235,237,237,237,237,237,237,237,237,241,241,241,241,241,241,228,228,228,228,228,228,228,232,232,232,232,232,232,232,232,238,238,238,238,238,238,238
242,242,242,242,242,242,231,231,231,231,231,231,231,231,233,233,233,233,233,233,233,233,239,239,239,239,239,239,239,239,243,243,243,243,243,243,243,229,229,229,229,229,245,245,234,234,234,234,234,234,234,234,236,236,236,236,236,236,236,236,240,240,240,240,240,240,240,240,240,244,244,244,244,244,244,230,230,230,230,230,230,230,235,235,235,235,235,235,235,235,237,237,237,237,237,237,237,237,237,241,241,241,241,241,241,241,241,228,246,246,246,246,246,232,232,232,232,232,232,232,238,238,238,238,238,238,238
242,242,242,242,242,242,242,231,231,231,231,231,247,247,233,233,233,233,233,233,233,233,239,239,239,239,239,239,239,239,243,243,243,243,243,243,243,243,229,245,245,245,245,245,245,234,234,234,234,234,234,234,236,236,236,236,236,236,236,236,240,240,240,240,240,240,240,240,244,244,244,244,244,244,244,244,230,230,230,248,248,248,248,235,235,235,235,235,235,235,237,237,237,237,237,237,237,237,241,241,241,241,241,241,241,241,241,246,246,246,246,246,246,246,232,232,232,232,249,249,238,238,238,238,238,238,238
242,242,242,242,242,242,242,242,231,247,247,247,247,247,247,233,233,233,233,233,233,239,239,239,239,239,239,239,239,239,243,243,243,243,243,243,243,243,245,245,245,245,245,245,245,245,234,234,234,250,250,250,250,236,236,236,236,236,236,236,240,240,240,240,240,240,240,240,244,244,244,244,244,244,244,244,244,248,248,248,248,248,248,248,235,235,235,235,235,251,237,237,237,237,237,237,237,237,241,241,241,241,241,241,241,241,241,246,246,246,246,246,246,246,246,249,249,249,249,249,249,238,238,238,238,238,238
242,242,242,242,242,242,242,242,247,247,247,247,247,247,247,247,233,233,252,252,252,252,239,239,239,239,239,239,239,239,243,243,243,243,243,243,243,243,245,245,245,245,245,245,245,245,250,250,250,250,250,250,250,250,236,236,236,236,236,253,240,240,240,240,240,240,240,240,244,244,244,244,244,244,244,244,244,248,248,248,248,248,248,248,248,235,251,251,251,251,251,237,237,237,237,237,237,237,241,241,241,241,241,241,241,241,246,246,246,246,246,246,246,246,246,249,249,249,249,249,249,249,238,238,238,238,238
242,242,242,242,242,242,242,242,247,247,247,247,247,247,247,247,252,252,252,252,252,252,252,239,239,239,239,239,239,255,243,243,243,243,243,243,243,243,245,245,245,245,245,245,245,245,250,250,250,250,250,250,250,250,236,236,253,253,253,253,253,240,240,240,240,240,240,240,244,244,244,244,244,244,244,244,248,248,248,248,248,248,248,248,248,251,251,251,251,251,251,251,237,237,237,254,254,254,254,241,241,241,241,241,241,241,246,246,246,246,246,246,246,246,246,249,249,249,249,249,249,249,249,238,238,238,238
242,242,242,242,242,242,242,242,247,247,247,247,247,247,247,247,252,252,252,252,252,252,252,252,239,239,255,255,255,255,255,243,243,243,243,243,243,243,245,245,245,245,245,245,245,245,250,250,250,250,250,250,250,250,250,253,253,253,253,253,253,253,240,240,240,240,256,256,256,244,244,244,244,244,244,244,248,248,248,248,248,248,248,248,248,251,251,251,251,251,251,251,251,254,254,254,254,254,254,254,241,241,241,241,241,257,246,246,246,246,246,246,246,246,249,249,249,249,249,249,249,249,249,249,238,238,238
242,242,242,242,242,242,242,242,247,247,247,247,247,247,247,247,252,252,252,252,252,252,252,252,255,255,255,255,255,255,255,255,243,243,243,243,258,258,245,245,245,245,245,245,245,245,250,250,250,250,250,250,250,250,253,253,253,253,253,253,253,253,253,256,256,256,256,256,256,256,244,244,244,244,244,244,248,248,248,248,248,248,248,248,251,251,251,251,251,251,251,251,251,254,254,254,254,254,254,254,254,241,257,257,257,257,257,246,246,246,246,246,246,246,249,249,249,249,249,249,249,249,249,249,249,238,238
242,242,242,242,242,259,259,259,259,247,247,247,247,247,247,247,252,252,252,252,252,252,252,252,255,255,255,255,255,255,255,255,255,258,258,258,258,258,258,245,245,245,245,245,245,263,250,250,250,250,250,250,250,250,253,253,253,253,253,253,253,253,253,256,256,256,256,256,256,256,256,244,244,260,260,260,260,248,248,248,248,248,248,248,251,251,251,251,251,251,251,251,251,254,254,254,254,254,254,254,254,257,257,257,257,257,257,257,246,246,246,246,261,261,261,249,249,249,249,249,249,249,249,249,249,266,266
242,242,259,259,259,259,259,259,259,247,247,247,247,247,247,262,252,252,252,252,252,252,252,252,255,255,255,255,255,255,255,255,258,258,258,258,258,258,258,258,245,245,263,263,263,263,263,250,250,250,250,250,250,250,253,253,253,253,253,253,253,253,253,256,256,256,256,256,256,256,256,260,260,260,260,260,260,260,248,248,248,248,248,264,264,251,251,251,251,251,251,251,254,254,254,254,254,254,254,254,254,257,257,257,257,257,257,257,257,261,261,261,261,261,261,261,249,249,249,249,249,249,266,266,266,266,266
259,259,259,259,259,259,259,259,259,259,247,247,262,262,262,262,262,252,252,252,252,252,252,252,255,255,255,255,255,255,255,255,258,258,258,258,258,258,258,258,258,263,263,263,263,263,263,263,250,250,250,250,265,265,265,253,253,253,253,253,253,253,253,256,256,256,256,256,256,256,256,260,260,260,260,260,260,260,260,248,264,264,264,264,264,264,251,251,251,251,251,251,254,254,254,254,254,254,254,254,257,257,257,257,257,257,257,257,257,261,261,261,261,261,261,261,261,249,249,266,266,266,266,266,266,266,266
259,259,259,259,259,259,259,259,259,259,259,262,262,262,262,262,262,262,252,252,252,252,267,267,255,255,255,255,255,255,255,255,258,258,258,258,258,258,258,258,258,263,263,263,263,263,263,263,263,265,265,265,265,265,265,265,253,253,253,253,253,253,256,256,256,256,256,256,256,256,256,260,260,260,260,260,260,260,260,264,264,264,264,264,264,264,264,251,251,268,268,268,268,254,254,254,254,254,254,254,257,257,257,257,257,257,257,257,257,261,261,261,261,261,261,261,261,266,266,266,266,266,266,266,266,266,266
259,259,259,259,259,259,259,259,259,259,259,262,262,262,262,262,262,262,262,267,267,267,267,267,267,255,255,255,255,255,255,255,258,258,258,258,258,258,258,258,263,263,263,263,263,263,263,263,263,265,265,265,265,265,265,265,265,253,253,253,269,269,269,256,256,256,256,256,256,256,256,260,260,260,260,260,260,260,260,264,264,264,264,264,264,264,264,268,268,268,268,268,268,268,254,254,254,254,254,254,257,257,257,257,257,257,257,257,257,261,261,261,261,261,261,261,261,266,266,266,266,266,266,266,266,266,266
259,259,259,259,259,259,259,259,259,259,262,262,262,262,262,262,262,262,262,267,267,267,267,267,267,267,255,255,255,255,255,255,258,258,258,258,258,258,258,258,263,263,263,263,263,263,263,263,263,265,265,265,265,265,265,265,265,269,269,269,269,269,269,269,256,256,256,256,256,256,260,260,260,260,260,260,260,260,260,264,264,264,264,264,264,264,264,268,268,268,268,268,268,268,268,254,254,254,254,254,257,257,257,257,257,257,257,257,257,261,261,261,261,261,261,261,261,266,266,266,266,266,266,266,266,266,266
259,259,259,259,259,259,259,259,259,259,262,262,262,262,262,262,262,262,262,267,267,267,267,267,267,267,267,255,255,255,255,255,258,258,258,258,258,258,258,258,263,263,263,263,263,263,263,263,263,265,265,265,265,265,265,265,265,269,269,269,269,269,269,269,269,256,256,256,256,256,260,260,260,260,260,260,260,260,260,264,264,264,264,264,264,264,264,268,268,268,268,268,268,268,268,268,254,254,254,254,257,257,257,257,257,257,257,257,261,261,261,261,261,261,261,261,261,266,266,266,266,266,266,266,266,266,266
259,259,259,259,259,259,259,259,259,259,262,262,262,262,262,262,262,262,267,267,267,267,267,267,267,267,267,267,255,255,255,258,258,258,258,258,258,258,258,258,263,263,263,263,263,263,263,263,265,265,265,265,265,265,265,265,265,269,269,269,269,269,269,269,269,269,256,256,256,256,260,260,260,260,260,260,260,260,264,264,264,264,264,264,264,264,264,268,268,268,268,268,268,268,268,268,268,268,254,257,257,257,257,257,257,257,257,257,261,261,261,261,261,261,261,261,261,266,266,266,266,266,266,266,266,266,266
259,259,259,259,259,259,259,259,259,259,262,262,262,262,262,262,262,262,267,267,267,267,267,267,267,267,267,267,267,255,255,258,258,258,258,258,258,258,258,258,263,263,263,263,263,263,263,263,265,265,265,265,265,265,265,265,265,269,269,269,269,269,269,269,269,269,269,256,256,256,260,260,260,260,260,260,260,260,264,264,264,264,264,264,264,264,264,268,268,268,268,268,268,268,268,268,268,268,268,257,257,257,257,257,257,257,257,257,261,261,261,261,261,261,261,261,266,266,266,266,266,266,266,266,266,266,266
259,259,259,259,259,259,259,259,259,259,262,262,262,262,262,262,262,262,267,267,267,267,267,267,267,267,267,267,267,267,255,258,258,258,258,258,258,258,258,263,263,263,263,263,263,263,263,263,265,265,265,265,265,265,265,265,269,269,269,269,269,269,269,269,269,269,269,269,256,260,260,260,260,260,260,260,260,260,264,264,264,264,264,264,264,264,268,268,268,268,268,268,268,268,268,268,268,268,268,257,257,257,257,257,257,257,257,257,261,261,261,261,261,261,261,261,266,266,266,266,266,266,266,266,266,266,266
